{
  "dashboard": {
    "title": "PredictStats Analytics Dashboard",
    "description": "Comprehensive monitoring for prediction engine and infrastructure",
    "tags": ["predictstats", "performance", "sports"],
    "style": "dark",
    "timezone": "browser",
    "editable": true,
    "refresh": "1m",
    "panels": [
      {
        "title": "System Health Overview",
        "type": "row",
        "gridPos": {"h": 1, "w": 24, "x": 0, "y": 0}
      },
      {
        "title": "CPU Usage",
        "type": "gauge",
        "gridPos": {"h": 4, "w": 4, "x": 0, "y": 1},
        "targets": [{
          "expr": "100 - (avg by (instance) (rate(node_cpu_seconds_total{mode='idle'}[1m])) * 100",
          "format": "time_series"
        }]
      },
      {
        "title": "Memory Usage",
        "type": "stat",
        "gridPos": {"h": 4, "w": 4, "x": 4, "y": 1},
        "targets": [{
          "expr": "(node_memory_MemTotal_bytes - node_memory_MemAvailable_bytes) / node_memory_MemTotal_bytes * 100",
          "format": "time_series"
        }]
      },
      {
        "title": "Prediction Throughput",
        "type": "graph",
        "gridPos": {"h": 8, "w": 8, "x": 0, "y": 5},
        "targets": [{
          "expr": "sum(rate(django_http_requests_total{method=\"POST\", path=~\"/api/.*/predict\"}[1m])",
          "legendFormat": "{{sport}} predictions",
          "format": "time_series"
        }]
      },
      {
        "title": "Model Accuracy",
        "type": "heatmap",
        "gridPos": {"h": 8, "w": 8, "x": 8, "y": 5},
        "targets": [{
          "expr": "avg(predictstats_model_accuracy{sport=~\"$sport\"}) by (model_version)",
          "format": "time_series"
        }]
      },
      {
        "title": "Database Performance",
        "type": "table",
        "gridPos": {"h": 8, "w": 8, "x": 16, "y": 5},
        "targets": [{
          "expr": "pg_stat_activity_count{datname=\"predictstats\"}",
          "format": "table"
        }]
      }
    ],
    "templating": {
      "list": [
        {
          "name": "environment",
          "query": "label_values(environment)",
          "label": "Environment"
        },
        {
          "name": "sport",
          "query": "label_values(sport)",
          "label": "Sport Type"
        }
      ]
    },
    "annotations": {
      "list": [{
        "name": "Deployments",
        "datasource": "Prometheus",
        "query": "predictstats_deployment_event{}"
      }]
    }
  },
  "overwrite": true
}